p_title,c_title
Hodkiewicz-Grimes,mahale
Jacobson-Schimmel,Browsetype
"Tillman, Volkman and Lubowitz",Skipstorm
D'Amore-Reilly,Gevee
Feil-Homenick,Janyx
"Hamill, Keebler and O'Connell",Jaxspan
O'Conner-Ernser,Browsetype
Swift-Zulauf,Realbridge
Will-Schaden,Divavu
"Bins, Jast and Roob",Meedoo
Borer-Conn,Twitterlist
"Botsford, Murphy and Buckridge",Meemm
"Doyle, Kuhic and Botsford",Oodoo
Feeney-Dietrich,Meedoo
Heidenreich-Runolfsson,Browsetype
"Hoeger, Lindgren and Schmidt",Eidel
Jerde and Sons,Oyondu
Kiehn-Lueilwitz,Twitterlist
Lindgren Inc,Realblab
Romaguera-Reinger,Topiczoom
"Tromp, Vandervort and Metz",Voonte
"Abbott, Macejkovic and Yundt",Gevee
"Brakus, Runte and Cartwright",Meeveo
Brekke-Hills,Realbridge
Casper-O'Keefe,Skipstorm
"Crooks, Hagenes and Stroman",Meemm
"Crooks, Schowalter and Conn",mahale
"Daugherty, Kuhic and Von",Flashspan
"Heaney, Quigley and Yost",Browsetype
Hilll-Kreiger,Oodoo
Hintz LLC,Eidel
Kihn and Sons,Skipstorm
"Leannon, Nikolaus and Gerhold",Realbridge
Mertz-Rath,Janyx
Renner and Sons,Gevee
"Renner, Brakus and Weimann",Meedoo
"Rolfson, Prosacco and Mohr",Flipopia
Rosenbaum-Kozey,Divavu
Schoen-Jaskolski,Flashspan
Schulist and Sons,Topiczoom
"Sporer, Nikolaus and Gerhold",Browsetype
Stiedemann Group,Realblab
"Balistreri, Skiles and Erdman",Skipstorm
Cronin-Littel,Browsetype
Cummerata Group,Zoomlounge
"Douglas, Harber and Heller",Voonte
Frami LLC,Realbridge
"Grant, Mills and Yundt",Zoomlounge
Gutkowski-Kertzmann,Realblab
Howell-McLaughlin,Flashspan
"Hudson, Toy and Wiza",Meedoo
"Hyatt, Herzog and Metz",Topiczoom
Koch Group,Yacero
Kub-Reilly,Twitterlist
Kulas-Bahringer,Meedoo
Littel and Sons,Realbridge
"Mosciski, Considine and Marquardt",Brightdog
Murray and Sons,mahale
"Nolan, Conroy and Ritchie",mahale
"Reichert, Farrell and Nicolas",Eidel
"Rice, Rolfson and Cole",Voonte
"Ryan, Dare and Conn",Meeveo
Ryan-Hyatt,Yacero
"Sipes, Corkery and Hintz",Meeveo
"Terry, Cormier and Rohan",Youbridge
"Walsh, Lubowitz and Haag",Browsetype
Wisoky Inc,Meeveo
Wuckert and Sons,Divavu
"Abernathy, Stokes and Gerhold",Dabfeed
"Bayer, Cummings and Rohan",Agivu
Beier-Daugherty,Meedoo
"Bernhard, Grady and Hammes",Topiczoom
Bosco-Mertz,Browsetype
Bosco-Zemlak,Meemm
"Brakus, Stroman and Buckridge",Ntag
Buckridge Inc,Brightdog
"Connelly, Wuckert and Fritsch",Dabfeed
"Crona, Sauer and Mante",Feedfire
Dietrich Group,Divavu
"Donnelly, Crooks and Bergstrom",Yacero
Durgan LLC,Oodoo
Ernser Inc,Youbridge
"Feest, Fay and Stiedemann",Youbridge
Grady and Sons,Brightdog
Grady-Graham,Meedoo
Hartmann-Jaskolski,Meedoo
Hettinger-Boyer,Realblab
"Howe, Stroman and Sporer",Oodoo
"Kiehn, Zulauf and Wiegand",Flipopia
Kreiger Inc,Divavu
"Kreiger, Metz and Borer",mahale
Kuhn-Beahan,Jaxspan
Kulas-DuBuque,Topiczoom
"Kutch, Gaylord and Bechtelar",Dabfeed
Lang LLC,Flashspan
"Langosh, Terry and Price",Youbridge
McKenzie Group,Divavu
Morissette Inc,Skipstorm
"Nader, Morissette and Murphy",Gevee
Nolan-Hessel,Brightdog
Rempel Inc,Flashspan
"Roberts, Crist and Rowe",Voonte
"Smith, Lockman and Russel",Twitterlist
"Stokes, Reichel and Keeling",Eidel
Wiegand-Huels,Janyx
Williamson-Bahringer,Gevee
"Wintheiser, Bosco and Johnston",mahale
"Wunsch, Goldner and Fahey",Skipstorm
Zulauf-Shields,Browsetype
Bailey Inc,Flipopia
"Beatty, Davis and Hermiston",Gevee
Beer Inc,Yacero
Bernier Inc,Eidel
Blick LLC,Realbridge
Feeney LLC,Zoomlounge
Heller and Sons,Janyx
Homenick and Sons,Oyondu
Hoppe-Nitzsche,Meemm
Ritchie-Wintheiser,mahale
"Roberts, Walter and Marks",Agivu
"Stehr, Pfeffer and Witting",Meeveo
Torphy Inc,Youbridge
"Waters, Hills and Mertz",Zoomlounge
Weber-Smitham,Tavu
Wilderman-Bogan,Meeveo
Witting-Emmerich,Voonte
Yost-Stoltenberg,Oyondu
"Berge, Legros and Jenkins",Oyondu
Breitenberg and Sons,Flashspan
Corwin Group,Youbridge
Cummerata-Shanahan,Twitterlist
Gaylord LLC,Voonte
Gusikowski-Gislason,Dabfeed
Hickle-Hane,Voonte
"Keebler, Ward and Wolff",Flashspan
Kozey Group,Browsetype
Mraz-Sawayn,Realblab
Schiller LLC,Oodoo
Walsh-Beer,Browsetype
Bashirian Group,Gevee
Cormier LLC,Meedoo
"Ebert, Okuneva and Crooks",Dabfeed
Gerlach-Rodriguez,Meemm
"Gusikowski, Jast and Ankunding",Yacero
Hammes-Bins,Twitterlist
"Marks, Tremblay and Parker",Tavu
Zboncak-Murazik,Flipopia
